timesteps,episode,ep_rew_mean,ep_len_mean,value_loss,policy_gradient_loss,approx_kl,entropy_loss,explained_variance,time_seconds
1000,10,,,358.4506607055664,-0.00500615038909018,0.00057272986,-2.280290389060974,0.025721311569213867,462.9667594432831
2000,20,,,323.76591339111326,-0.0058338312897831205,0.00084933266,-2.2760751247406006,-0.01752030849456787,1053.5717067718506
3000,30,,,311.9933715820313,-0.010635615698993206,0.0018916605,-2.2747790217399597,0.004313468933105469,1577.829707622528
4000,40,,,293.44380950927734,-0.011129702348262072,0.0037575704,-2.206615674495697,-0.0004171133041381836,2120.529706954956
5000,50,,,288.61039276123046,-0.008729201508685946,0.0037568123,-2.040254902839661,-0.003333568572998047,2602.0362169742584
6000,60,,,276.0655517578125,-0.013782768230885267,0.008774778,-2.0160063743591308,0.00039207935333251953,3040.178213119507
7000,70,,,255.11259078979492,-0.009676749585196376,0.0063608293,-1.7719353675842284,0.00023418664932250977,3479.895205259323
8000,80,,,250.0027603149414,-0.01711304089985788,0.0061653163,-1.9888919234275817,6.318092346191406e-05,3727.913034915924
9000,90,,,229.22893524169922,-0.009167861007153989,0.0029212772,-2.0994360566139223,0.0006226897239685059,4141.352662801743
10000,100,,,220.20684661865235,-0.004733308730646968,0.0015755324,-1.719394862651825,-0.00022232532501220703,4631.51700592041
11000,110,,,211.0114501953125,-0.01143435905687511,0.005717646,-1.2564463317394257,-0.0002542734146118164,4923.435878992081
12000,120,,,200.9988151550293,-0.003924867138266563,0.0015322124,-1.1886650502681733,-0.00031948089599609375,5149.0820236206055
13000,130,,,191.35566940307618,-0.00977976517751813,0.0044573736,-1.3732942283153533,-0.0002816915512084961,5530.373690605164
14000,140,,,172.9960594177246,-0.013203928852453828,0.012213854,-1.4369058072566987,-0.0004341602325439453,6030.799375534058
15000,150,,,163.57756652832032,-0.010764993308112026,0.0074673197,-1.176586139202118,-0.0001666545867919922,6629.621938943863
16000,160,,,152.7934326171875,-0.018562412774190306,0.014243739,-1.576462060213089,0.00033462047576904297,7398.224360704422
17000,170,,,145.54093818664552,-0.017673591384664178,0.0054446356,-1.9274657547473908,0.0002872943878173828,8233.147638082504
18000,180,,,118.82920989990234,-0.01588745820336044,0.0076780557,-2.0215531468391417,-0.0003656148910522461,8979.697579860687
19000,190,,,122.3344123840332,-0.01042613370809704,0.0027483432,-2.1154928684234617,0.0005934238433837891,9707.618294000626
20000,200,,,112.48208084106446,-0.0232915838714689,0.011860635,-2.043679487705231,0.000418245792388916,10357.887377977371
21000,210,,,107.35400123596192,-0.0073594778776168825,0.0018280814,-1.6699149906635284,6.002187728881836e-05,11206.942042827606
22000,220,,,98.99097061157227,-0.011403575632721185,0.0044614235,-1.7403752505779266,0.0018315911293029785,12057.931039333344
23000,230,,,87.78475799560547,-0.019379225419834258,0.008462522,-1.5814573764801025,-7.784366607666016e-05,13000.190188407898
24000,240,,,76.6665771484375,-0.0158685767557472,0.01877854,-1.5475667595863343,-0.00043582916259765625,13913.116817474365
25000,250,,,60.57197227478027,-0.015871522901579737,0.012496326,-1.6683665573596955,0.0005818009376525879,14813.283099889755
26000,260,,,51.5785572052002,-0.0265230399556458,0.011850819,-1.573939448595047,-0.00019156932830810547,15671.64656162262
27000,270,,,41.24748554229736,-0.017422880977392197,0.010452634,-1.411171567440033,-0.00013172626495361328,16655.6513569355
28000,280,,,42.536383628845215,-0.012297166604548692,0.007919664,-1.1724312782287598,-0.0007153749465942383,17632.33696579933
29000,290,,,31.484028625488282,-0.014029562007635832,0.006120812,-1.2759353041648864,-0.0006688833236694336,18715.36714410782
30000,300,,,26.169755268096925,-0.01769089833833277,0.006769109,-1.1791149616241454,0.0005898475646972656,19757.595126628876
31000,310,,,19.08619041442871,-0.01284704301506281,0.007925721,-1.0176810055971146,0.00011247396469116211,20853.338994264603
32000,320,,,20.164037799835206,-0.009987525129690766,0.0032683997,-1.0149814039468765,-0.000110626220703125,21937.138655662537
33000,330,,,17.018697643280028,-0.011799462046474219,0.0063135126,-0.8696196168661118,6.872415542602539e-05,22957.20062661171
34000,340,,,11.726114273071289,-0.011705215089023113,0.010657052,-0.8279791176319122,-0.0001348257064819336,24030.67639064789
35000,350,,,11.063005018234254,-0.023096113372594117,0.016195634,-0.8353030174970627,5.179643630981445e-05,25135.936969280243
36000,360,,,9.69893147945404,-0.014476645272225142,0.006440201,-0.6033391311764718,-2.086162567138672e-05,26186.360750436783
37000,370,,,12.841407918930054,-0.009631589171476662,0.006140242,-0.7637598276138305,4.9948692321777344e-05,27265.518911123276
38000,380,,,9.598094248771668,-0.01010261122137308,0.0035078088,-0.6601340115070343,-2.300739288330078e-05,28353.947640419006
39000,390,,,4.057252740859985,-0.02058830494643189,0.019362003,-0.6211264222860337,1.6510486602783203e-05,29425.307614326477
40000,400,,,11.042672538757325,-0.024541442771442233,0.020531457,-0.6995154529809952,2.6464462280273438e-05,30513.98667693138
41000,410,,,10.52595567703247,-0.010116653796285392,0.0059019714,-0.6974870294332505,5.7756900787353516e-05,31534.22726392746
42000,420,,,5.7398337602615355,-0.014715210488066077,0.013355421,-0.6151798695325852,0.00010097026824951172,32511.214102506638
43000,430,,,9.891178369522095,-0.0032765906304121017,0.0025737584,-0.5761135637760162,0.06266820430755615,33483.8898665905
44000,440,,,5.32311851978302,-0.00391309978440404,0.003640823,-0.47693601697683335,0.5035369396209717,34426.622059345245
45000,450,,,3.397366487979889,-0.00849601961672306,0.0074479557,-0.39322310835123064,0.6655598282814026,35348.49899363518
46000,460,,,3.070228898525238,-0.01566467508673668,0.009943124,-0.5642929092049599,0.5046901702880859,36321.76631331444
47000,470,,,2.5501349449157713,-0.00397641914896667,0.005227249,-0.5063604578375817,0.3855661153793335,37311.325957775116
48000,480,,,2.6715184450149536,-0.006370527762919664,0.005337803,-0.6108450174331665,0.6993919610977173,38362.478736400604
49000,490,,,1.095569548010826,-0.017304998822510242,0.011944744,-0.5734425336122513,0.8500666618347168,39351.04726886749
50000,500,,,3.1573240518569947,-0.0101093671284616,0.012298213,-0.5089733809232712,0.617759644985199,40501.96012353897
51000,510,,,3.035402762889862,-0.006256979610770941,0.003197913,-0.4548434168100357,0.5468987226486206,41611.38915848732
52000,520,,,2.3056636095046996,-0.007931467890739442,0.0064106993,-0.4348164439201355,0.7996839880943298,42654.90692472458
53000,530,,,1.9145020961761474,-0.005320069240406155,0.007048306,-0.3530127599835396,0.7023818492889404,43776.39992284775
54000,540,,,3.2841760516166687,-0.002683729026466608,0.004089262,-0.44553103893995283,0.4551076292991638,44844.28586316109
55000,550,,,3.7056482434272766,-0.0031944984337314965,0.0035548056,-0.4444272667169571,0.6987888216972351,45848.205065727234
56000,560,,,2.945943796634674,-0.004491677577607334,0.010498006,-0.3288102611899376,0.6719131469726562,46893.74629878998
57000,570,,,1.7378604054450988,-0.008028930192813278,0.0050468547,-0.26024268940091133,0.7146371006965637,47911.82275414467
58000,580,,,2.17906374335289,-0.008581004431471228,0.022489533,-0.3139542445540428,0.771185040473938,49030.06479930878
59000,590,,,3.1867457032203674,-0.007843805011361837,0.0048712976,-0.4025465324521065,0.5089329481124878,50142.30463171005
60000,600,,,2.02566682100296,-0.0029124234337359668,0.005928939,-0.37680207937955856,0.7461050748825073,51282.02889943123
61000,610,,,3.4920681595802305,-0.003576855850405991,0.0040107216,-0.33926199227571485,0.5744612812995911,52308.79307436943
62000,620,,,2.1205622434616087,-0.001275403844192624,0.0008572894,-0.277159096300602,0.6486228704452515,53339.316865205765
63000,630,,,1.9384647607803345,-0.004466251144185663,0.0067512244,-0.38636606335639956,0.7560858726501465,54362.633945941925
64000,640,,,2.23434379696846,-0.014598847879096866,0.020003898,-0.32417675852775574,0.8005971312522888,55422.53405714035
65000,650,,,1.9258579671382905,-0.0033827923238277436,0.0021814192,-0.256475405395031,0.7441942691802979,56510.4553232193
66000,660,,,3.6728142738342284,-0.005466807633638382,0.008091964,-0.251277744024992,0.6085336208343506,57677.30801200867
67000,670,,,2.0361338913440705,-0.006833268795162439,0.01883624,-0.17532765343785287,0.7424827814102173,58726.5163462162
68000,680,,,2.3736777365207673,-0.004092082125134766,0.005099175,-0.19273706302046775,0.4244699478149414,59816.05136680603
69000,690,,,4.707772958278656,-0.007976847793906927,0.004171208,-0.27341278493404386,0.4110187292098999,60968.32222867012
70000,700,,,2.7061444878578187,-0.01092576519586146,0.012920894,-0.27453275099396707,0.7818421721458435,62014.31612610817
71000,710,,,2.2762201845645906,-0.0021313509903848173,0.004277689,-0.22082247361540794,0.597632884979248,63234.324619054794
72000,720,,,2.6271689891815186,-0.005961881880648434,0.005047928,-0.22360005378723144,0.6011197566986084,64382.1990609169
73000,730,,,1.6079057097434997,-0.006985105574131012,0.004908688,-0.24608695432543753,0.5479929447174072,65514.65527677536
74000,740,,,1.8267683744430543,-0.001628705020993948,0.006566343,-0.2115197852253914,0.668449342250824,66743.69348526001
75000,750,,,3.3946054458618162,-0.005803287075832486,0.003931376,-0.25236666277050973,0.6538454294204712,67867.1446325779
76000,760,,,3.0803141415119173,-0.0034092355286702513,0.007372087,-0.21839616745710372,0.6396492719650269,69002.29562449455
77000,770,,,5.668300938606262,-0.005842829775065184,0.004018177,-0.19636545851826667,0.42511188983917236,70186.38794708252
78000,780,,,2.597604811191559,-0.0061160672921687365,0.004602884,-0.27784163057804107,0.7480642199516296,71251.09087872505
79000,790,,,2.0798242151737214,-0.003517860802821815,0.008897523,-0.25153556615114214,0.6878162622451782,72350.84197640419
80000,800,,,2.4301350831985475,-0.008373988093808293,0.007664429,-0.3121451586484909,0.7714765667915344,73463.04289102554
81000,810,,,,,,,,74559.79147529602
82000,820,,,2.0348235845565794,-0.0033118481980636714,0.0070187105,-0.19982313811779023,0.7338317632675171,75653.2274222374
83000,830,,,2.5067276895046233,-0.0015594253316521644,0.0026195939,-0.16146934106945993,0.49961376190185547,76702.76248431206
84000,840,,,2.28141428232193,-0.008123900322243572,0.015675478,-0.2070312976837158,0.7140073776245117,77943.32282447815
85000,850,,,2.3599078953266144,-0.008149328967556357,0.009724029,-0.24537573084235192,0.7047320604324341,79047.49969649315
86000,860,,,2.182387590408325,-0.004996777698397637,0.005616948,-0.2220299556851387,0.7550790309906006,80204.99354887009
87000,870,,,3.2608346343040466,-0.0026614288799464703,0.0032457695,-0.20154395028948785,0.7421420812606812,81264.93600153923
88000,880,,,1.764996474981308,-0.009215762512758375,0.011830715,-0.1973767913877964,0.6975128650665283,82412.34020256996
89000,890,,,1.698830133676529,0.002093062596395612,0.0031569693,-0.1918648898601532,0.7405601143836975,83538.37916398048
90000,900,,,1.7616760015487671,-0.01052484568208456,0.01244951,-0.19563573598861694,0.6208187937736511,84656.92514038086
91000,910,,,1.6449489176273346,-0.006279160967096686,0.008577967,-0.22805587574839592,0.7529319524765015,85752.09604883194
92000,920,,,2.1500237047672273,-0.004880170756950975,0.010293098,-0.197176955640316,0.7428982853889465,86855.99077534676
93000,930,,,3.5351059436798096,-0.0030916746007278563,0.0026518758,-0.15221674740314484,0.6687337160110474,88080.78148007393
94000,940,,,1.9255733132362365,-0.0019347291439771653,0.001653586,-0.16374263316392898,0.6493363380432129,89296.60652017593
95000,950,,,2.9057638227939604,-0.005653774319216609,0.011217639,-0.19410139918327332,0.5938462615013123,90460.54413509369
96000,960,,,2.064636343717575,-0.003445864003151655,0.00635262,-0.23744357749819756,0.7830149531364441,91627.03212332726
97000,970,,,2.314830756187439,-0.0033235645852982996,0.0041625043,-0.2048398621380329,0.679928719997406,92786.29619669914
98000,980,,,3.4455143809318542,-0.004308807896450162,0.008995526,-0.18891685903072358,0.6534044742584229,93846.5764772892
99000,990,,,2.3525719463825228,-0.00358111341483891,0.004624728,-0.1593729518353939,0.6690117120742798,94953.64706969261
100000,1000,,,2.528570318222046,-0.0009550697170197964,0.0008121249,-0.19823971390724182,0.6171218156814575,96079.25508737564
101000,1010,,,1.5576485693454742,-0.004078164137899876,0.0062480792,-0.18097970746457576,0.5900216102600098,97268.98672008514
102000,1020,,,0.8979442358016968,-0.0006418439326807857,0.0033239652,-0.07931257784366608,0.48250454664230347,98514.9773440361
103000,1030,,,2.3633279621601107,-0.0037817359436303375,0.0055680145,-0.095482811704278,0.5019817352294922,99799.60385274887
104000,1040,,,1.2408423960208892,-0.000995570863597095,0.0021396303,-0.11947754118591547,0.5712553262710571,101060.04450392723
105000,1050,,,2.222778683900833,-0.001470332290045917,0.0013494832,-0.1786430984735489,0.6749860048294067,102134.87317109108
106000,1060,,,1.6684493005275727,-0.0020908515900373457,0.002013003,-0.2307266816496849,0.8378447890281677,103176.4787428379
107000,1070,,,2.0519847571849823,-0.0016706073191016912,0.0013416801,-0.158249781280756,0.6682586669921875,104249.69261240959
108000,1080,,,1.9162317991256714,-0.0048685424029827114,0.01001837,-0.1668730303645134,0.7868579626083374,105356.36916232109
109000,1090,,,2.305751359462738,-0.00861099543981254,0.008843732,-0.22674976289272308,0.8101924061775208,106450.5377869606
110000,1100,,,2.437318962812424,-0.005811003921553493,0.019903988,-0.23199910223484038,0.5348156690597534,107632.1964879036
111000,1110,,,2.127684462070465,-0.003345863684080541,0.0046407124,-0.19249805584549903,0.7924085855484009,108807.55258250237
112000,1120,,,2.001797389984131,-0.005940492637455464,0.007867834,-0.17061397507786752,0.7404388189315796,109925.46796298027
113000,1130,,,1.9576045155525208,-0.007244285847991705,0.0048276945,-0.20584265887737274,0.7978321313858032,111074.83422064781
114000,1140,,,2.716173195838928,-0.008389978343620897,0.012408225,-0.20403159633278847,0.6684129238128662,112227.27501797676
115000,1150,,,1.2064229875802994,-0.004262780072167516,0.0041362043,-0.1472849126905203,0.730990469455719,113382.8490126133
116000,1160,,,1.7422973275184632,-0.008552410919219256,0.010552447,-0.23672752529382707,0.7442374229431152,114506.74550771713
117000,1170,,,3.041874718666077,-0.005648430809378624,0.0048284857,-0.18401701375842094,0.7146985530853271,115617.01016569138
118000,1180,,,2.028411108255386,-9.993042331188918e-05,0.0005867062,-0.17681629806756974,0.7548743486404419,116769.64948773384
119000,1190,,,3.7119458973407746,-0.001770948665216565,0.0012090248,-0.16892009377479553,0.5221608877182007,117890.52254962921
120000,1200,,,3.333157777786255,-0.004178152745589614,0.004662067,-0.29496275037527087,0.601193904876709,118951.04526591301
121000,1210,,,2.8331680238246917,-0.004404940782114864,0.0027386593,-0.14120479561388494,0.5119835138320923,119978.07163238525
122000,1220,,,2.137992721796036,-0.001550775533542037,0.00096444925,-0.2117544688284397,0.7564188838005066,121020.25918793678
123000,1230,,,1.6195216357707978,-0.0005559603217989206,0.0008885572,-0.13621665686368942,0.696255087852478,122093.52228784561
124000,1240,,,2.608070659637451,-0.006853398494422435,0.0074949753,-0.23240518271923066,0.7377971410751343,123135.6455962658
125000,1250,,,3.8865601420402527,-0.003370302729308605,0.0028122803,-0.19566503912210464,0.6304296851158142,124179.66072869301
126000,1260,,,2.5855366230010985,-0.0053039683727547525,0.006969132,-0.19920141920447348,0.6156562566757202,125231.93853783607
127000,1270,,,1.892044085264206,-0.0043955488130450245,0.0041667884,-0.21479812934994696,0.7653033137321472,126276.99027252197
128000,1280,,,2.3405980825424195,-0.003258240129798651,0.0036912751,-0.18845221027731895,0.604843258857727,127297.48295617104
129000,1290,,,2.1103760957717896,5.502717103809118e-05,0.00036236178,-0.1941102273762226,0.7404122948646545,128378.20362257957
130000,1300,,,3.1024010121822356,-0.003553860052488744,0.0023242338,-0.19698164463043213,0.7173373699188232,129414.4103705883
131000,1310,,,2.207520401477814,-0.005615825392305851,0.00785565,-0.25087069496512415,0.7133445143699646,130470.73396396637
132000,1320,,,2.2509322345256804,-0.0028206777758896353,0.0032811463,-0.15354994647204875,0.5768259763717651,131490.95705246925
